<application>
  <component name="ProjectJdkTable">
    <jdk version="2">
      <name value="Android API 34, extension level 7 Platform" />
      <type value="Android SDK" />
      <homePath value="C:/Program Files (x86)/Android/android-sdk" />
      <roots>
        <classPath>
          <root type="composite">
            <root url="jar://C:/Program Files (x86)/Android/android-sdk/platforms/android-34/android.jar!/" type="simple" />
            <root url="file://C:/Program Files (x86)/Android/android-sdk/platforms/android-34/data/res" type="simple" />
          </root>
        </classPath>
        <sourcePath>
          <root type="composite" />
        </sourcePath>
      </roots>
      <additional sdk="android-34" />
    </jdk>
    <jdk version="2">
      <name value="Android API 35, extension level 13 Platform" />
      <type value="Android SDK" />
      <homePath value="C:/Program Files (x86)/Android/android-sdk" />
      <roots>
        <classPath>
          <root type="composite">
            <root url="jar://C:/Program Files (x86)/Android/android-sdk/platforms/android-35/android.jar!/" type="simple" />
            <root url="file://C:/Program Files (x86)/Android/android-sdk/platforms/android-35/data/res" type="simple" />
          </root>
        </classPath>
        <sourcePath>
          <root type="composite" />
        </sourcePath>
      </roots>
      <additional sdk="android-35" />
    </jdk>
  </component>
</application>