<application>
  <component name="ProjectManager">
    <defaultProject>
      <component name="Encoding" addBOMForNewFiles="with BOM under Windows, with no BOM otherwise" />
      <component name="PropertiesComponent">{
  &quot;keyToString&quot;: {
    &quot;settings.editor.selected.configurable&quot;: &quot;preferences.pluginManager&quot;
  }
}</component>
      <component name="WindowStateProjectService">
        <state x="361" y="131" key="#com.intellij.openapi.updateSettings.impl.PluginUpdateInfoDialog" timestamp="1757276953320">
          <screen x="0" y="0" width="1536" height="864" />
        </state>
        <state x="361" y="131" key="#com.intellij.openapi.updateSettings.impl.PluginUpdateInfoDialog/0.-1080.1920.1080/0.0.1536.864" timestamp="1757276953320" />
        <state x="232" y="61" key="SettingsEditor" timestamp="1753685739841">
          <screen x="0" y="0" width="1536" height="864" />
        </state>
        <state x="232" y="61" key="SettingsEditor/0.-1080.1920.1080/0.0.1536.864" timestamp="1753685739841" />
      </component>
    </defaultProject>
  </component>
</application>