<application>
  <component name="Trusted.Paths">
    <option name="TRUSTED_PROJECT_PATHS">
      <map>
        <entry key="C:\Users\Lenovo\Desktop\Game Making\Unity Stuff\Card_Grouping\Unity_Card_Group" value="true" />
        <entry key="C:\Users\Lenovo\Desktop\Game Making\Unity Stuff\Card_Grouping\Unity_Card_Group\.idea\.idea.Unity_Card_Group" value="true" />
        <entry key="C:\Users\Lenovo\Desktop\Game Making\Unity Stuff\Card_Grouping\Unity_Card_Grouping" value="true" />
        <entry key="C:\Users\Lenovo\Desktop\Game Making\Unity Stuff\Card_Grouping\Unity_Card_Grouping\.idea\.idea.Unity_Card_Grouping" value="true" />
        <entry key="C:\Users\Lenovo\Desktop\Game Making\Unity Stuff\Diffusion\DigitRecognitionSample" value="true" />
        <entry key="C:\Users\Lenovo\Desktop\Game Making\Unity Stuff\Diffusion\DigitRecognitionSample\.idea\.idea.DigitRecognitionSample" value="true" />
        <entry key="C:\Users\Lenovo\Desktop\Game Making\Unity Stuff\Diffusion\Doji_Test" value="true" />
        <entry key="C:\Users\Lenovo\Desktop\Game Making\Unity Stuff\Diffusion\Doji_Test\.idea\.idea.Doji_Test" value="true" />
        <entry key="C:\Users\Lenovo\Desktop\Game Making\Unity Stuff\Diffusion\comfyconnection-main\Assets\Scripts" value="true" />
        <entry key="C:\Users\Lenovo\Desktop\Game Making\Unity Stuff\Diffusion\streamdiffusion_unity" value="true" />
        <entry key="C:\Users\Lenovo\Desktop\Game Making\Unity Stuff\Diffusion\streamdiffusion_unity\.idea\.idea.streamdiffusion_unity" value="true" />
        <entry key="C:\Users\Lenovo\Desktop\Game Making\Unity Stuff\Rayqube\Unity_Game_UI_Template" value="true" />
        <entry key="C:\Users\Lenovo\Desktop\Game Making\Unity Stuff\Rayqube\Unity_Game_UI_Template\.idea\.idea.Unity_Game_UI_Template" value="true" />
        <entry key="C:\Users\Lenovo\Desktop\Game Making\Unreal Stuff\MSD_Unreal_Template" value="true" />
        <entry key="C:\Users\Lenovo\Desktop\Game Making\Unreal Stuff\MSD_Unreal_Template\.idea\.idea.MSD_Unreal_Template" value="true" />
        <entry key="C:\Users\Lenovo\Desktop\Game Making\Unreal Stuff\MSD_Unreal_Template\.idea\.idea.MSD_Unreal_Template.dir" value="true" />
        <entry key="C:\Users\Lenovo\Desktop\Game Making\Unreal Stuff\Testing" value="true" />
        <entry key="C:\Users\Lenovo\Desktop\Game Making\Unreal Stuff\Testing\.idea\.idea.Testing" value="true" />
        <entry key="C:\Users\Lenovo\Desktop\Game_Making\Unity_Stuff\DragonUITK" value="true" />
        <entry key="C:\Users\Lenovo\Desktop\Game_Making\Unity_Stuff\DragonUITK\.idea\.idea.DragonUITK" value="true" />
        <entry key="C:\Users\Lenovo\Desktop\Game_Making\Unity_Stuff\Kenzel_UI_Template" value="true" />
        <entry key="C:\Users\Lenovo\Desktop\Game_Making\Unity_Stuff\Kenzel_UI_Template\.idea\.idea.Kenzel_UI_Template" value="true" />
        <entry key="C:\Users\Lenovo\Desktop\Game_Making\Unity_Stuff\QuizU - A UI toolkit sample" value="true" />
        <entry key="C:\Users\Lenovo\Desktop\Game_Making\Unity_Stuff\QuizU - A UI toolkit sample\.idea\.idea.QuizU - A UI toolkit sample" value="true" />
        <entry key="C:\Users\Lenovo\Desktop\Game_Making\Unity_Stuff\QuizU - A UI toolkit sample\Assets\Unity Technologies\QuizU - A UI Toolkit demo\Quiz\Scripts\Managers" value="true" />
        <entry key="C:\Users\Lenovo\Desktop\Game_Making\Unity_Stuff\UI_Toolkit_Samples" value="true" />
        <entry key="C:\Users\Lenovo\Desktop\Game_Making\Unity_Stuff\UI_Toolkit_Samples\.idea\.idea.UI_Toolkit_Samples" value="true" />
        <entry key="C:\Users\Lenovo\Downloads\MSD_Unreal_Template" value="true" />
        <entry key="C:\Users\Lenovo\Downloads\MSD_Unreal_Template\.idea\.idea.MSD_Unreal_Template" value="true" />
        <entry key="C:\Users\Lenovo\Downloads\MSD_Unreal_Template\.idea\.idea.MSD_Unreal_Template.dir" value="true" />
      </map>
    </option>
  </component>
  <component name="Trusted.Paths.Settings">
    <option name="TRUSTED_PATHS">
      <list>
        <option value="C:\Users\Lenovo\Desktop\Game Making" />
      </list>
    </option>
  </component>
</application>