<application>
  <component name="DimensionService">
    <size key="GridCell.Tab.0.left.0.0.1920.1080@120dpi" width="1722" height="324" />
    <size key="GridCell.Tab.0.center.0.0.1920.1080@120dpi" width="1722" height="324" />
    <size key="GridCell.Tab.0.right.0.0.1920.1080@120dpi" width="1722" height="324" />
    <size key="GridCell.Tab.0.bottom.0.0.1920.1080@120dpi" width="1722" height="324" />
    <size key="GridCell.Tab.0.left.0.-1080.1920.1080" width="1802" height="119" />
    <size key="GridCell.Tab.0.center.0.-1080.1920.1080" width="1802" height="119" />
    <size key="GridCell.Tab.0.right.0.-1080.1920.1080" width="1802" height="119" />
    <size key="GridCell.Tab.0.bottom.0.-1080.1920.1080" width="1802" height="119" />
    <size key="GridCell.Tab.1.left.0.-1080.1920.1080" width="1802" height="119" />
    <size key="GridCell.Tab.1.center.0.-1080.1920.1080" width="1802" height="119" />
    <size key="GridCell.Tab.1.right.0.-1080.1920.1080" width="1802" height="119" />
    <size key="GridCell.Tab.1.bottom.0.-1080.1920.1080" width="1802" height="119" />
    <size key="GridCell.Tab.2.left.0.-1080.1920.1080" width="1802" height="119" />
    <size key="GridCell.Tab.2.center.0.-1080.1920.1080" width="1802" height="119" />
    <size key="GridCell.Tab.2.right.0.-1080.1920.1080" width="1802" height="119" />
    <size key="GridCell.Tab.2.bottom.0.-1080.1920.1080" width="1802" height="119" />
    <size key="GridCell.Tab.3.left.0.-1080.1920.1080" width="1802" height="119" />
    <size key="GridCell.Tab.3.center.0.-1080.1920.1080" width="1802" height="119" />
    <size key="GridCell.Tab.3.right.0.-1080.1920.1080" width="1802" height="119" />
    <size key="GridCell.Tab.3.bottom.0.-1080.1920.1080" width="1802" height="119" />
    <size key="GridCell.Tab.4.left.0.-1080.1920.1080" width="1802" height="119" />
    <size key="GridCell.Tab.4.center.0.-1080.1920.1080" width="1802" height="119" />
    <size key="GridCell.Tab.4.right.0.-1080.1920.1080" width="1802" height="119" />
    <size key="GridCell.Tab.4.bottom.0.-1080.1920.1080" width="1802" height="119" />
    <size key="GridCell.Tab.5.left.0.-1080.1920.1080" width="1802" height="119" />
    <size key="GridCell.Tab.5.center.0.-1080.1920.1080" width="1802" height="119" />
    <size key="GridCell.Tab.5.right.0.-1080.1920.1080" width="1802" height="119" />
    <size key="GridCell.Tab.5.bottom.0.-1080.1920.1080" width="1802" height="119" />
    <size key="GridCell.Tab.6.left.0.-1080.1920.1080" width="1802" height="119" />
    <size key="GridCell.Tab.6.center.0.-1080.1920.1080" width="1802" height="119" />
    <size key="GridCell.Tab.6.right.0.-1080.1920.1080" width="1802" height="119" />
    <size key="GridCell.Tab.6.bottom.0.-1080.1920.1080" width="1802" height="119" />
  </component>
  <component name="WindowManager">
    <frame x="-8" y="-1088" width="1936" height="1096" extendedState="6" />
  </component>
  <component name="WindowStateApplicationService">
    <state x="514" y="244" key="#Trusted_Locations" timestamp="1755066845375">
      <screen x="0" y="0" width="1536" height="864" />
    </state>
    <state x="514" y="244" key="#Trusted_Locations/0.-1080.1920.1080/0.0.1536.864" timestamp="1755066845375" />
    <state width="365" height="314" key="ShowUsagesActions.dimensionServiceKey" timestamp="1758801653362">
      <screen x="0" y="0" width="1536" height="864" />
    </state>
    <state width="365" height="314" key="ShowUsagesActions.dimensionServiceKey/0.-1080.1920.1080/0.0.1536.864" timestamp="1758801653362" />
    <state x="960" y="-537" width="1936" height="1096" key="WELCOME_SCREEN" timestamp="1759685334997">
      <screen x="0" y="-1080" width="1920" height="1080" />
    </state>
    <state x="960" y="-537" width="1936" height="1096" key="WELCOME_SCREEN/0.-1080.1920.1080/0.0.1536.864" timestamp="1759685334997" />
    <state x="768" y="435" width="1550" height="878" key="WELCOME_SCREEN/0.0.1536.864" timestamp="1755892289923" />
  </component>
</application>